[
  {
    "name": "theme_info",
    "theme_name": "MagFit Pro",
    "theme_version": "1.0.0",
    "theme_author": "Your Name",
    "theme_documentation_url": "https://yoursite.com/docs",
    "theme_support_url": "https://yoursite.com/support"
  },
  {
    "name": "Colors",
    "settings": [
      {
        "type": "header",
        "content": "Primary Colors"
      },
      {
        "type": "color",
        "id": "colors_accent",
        "label": "Accent Color",
        "default": "#00D4FF"
      },
      {
        "type": "color",
        "id": "colors_text",
        "label": "Text Color",
        "default": "#2d2d2d"
      },
      {
        "type": "color",
        "id": "colors_background",
        "label": "Background Color",
        "default": "#ffffff"
      }
    ]
  },
  {
    "name": "Typography",
    "settings": [
      {
        "type": "header",
        "content": "Font"
      },
      {
        "type": "font_picker",
        "id": "type_header_font",
        "default": "assistant_n4",
        "label": "Heading font",
        "info": "Font used for headings"
      },
      {
        "type": "font_picker",
        "id": "type_body_font",
        "default": "assistant_n4",
        "label": "Body font",
        "info": "Font used for body text"
      }
    ]
  },
  {
    "name": "Layout",
    "settings": [
      {
        "type": "range",
        "id": "page_width",
        "min": 1000,
        "max": 1600,
        "step": 100,
        "default": 1400,
        "unit": "px",
        "label": "Page width"
      }
    ]
  },
  {
    "name": "Social Media",
    "settings": [
      {
        "type": "header",
        "content": "Social accounts"
      },
      {
        "type": "text",
        "id": "social_facebook_link",
        "label": "Facebook URL"
      },
      {
        "type": "text",
        "id": "social_instagram_link",
        "label": "Instagram URL"
      },
      {
        "type": "text",
        "id": "social_twitter_link",
        "label": "Twitter URL"
      }
    ]
  }
]
